

SET NAMES utf8mb4;
SET FOREIGN_KEY_CHECKS = 0;

-- ----------------------------
-- Table structure for tb_admin
-- ----------------------------
DROP TABLE IF EXISTS `tb_admin`;
CREATE TABLE `tb_admin`  (
  `admin_id` int(11) NOT NULL AUTO_INCREMENT,
  `admin_name` varchar(255) CHARACTER SET latin1 COLLATE latin1_swedish_ci NULL DEFAULT NULL,
  `username` varchar(255) CHARACTER SET latin1 COLLATE latin1_swedish_ci NULL DEFAULT NULL,
  `password` varchar(255) CHARACTER SET latin1 COLLATE latin1_swedish_ci NULL DEFAULT NULL,
  `admin_telp` varchar(255) CHARACTER SET latin1 COLLATE latin1_swedish_ci NULL DEFAULT NULL,
  `admin_email` varchar(255) CHARACTER SET latin1 COLLATE latin1_swedish_ci NULL DEFAULT NULL,
  `admin_adress` varchar(255) CHARACTER SET latin1 COLLATE latin1_swedish_ci NULL DEFAULT NULL,
  `admin_level` varchar(255) CHARACTER SET latin1 COLLATE latin1_swedish_ci NULL DEFAULT NULL,
  PRIMARY KEY (`admin_id`) USING BTREE
) ENGINE = InnoDB AUTO_INCREMENT = 6 CHARACTER SET = latin1 COLLATE = latin1_swedish_ci ROW_FORMAT = DYNAMIC;

-- ----------------------------
-- Records of tb_admin
-- ----------------------------
INSERT INTO `tb_admin` VALUES (4, 'Administrator', 'admin', '8bcc14a44b6f4f7c810ef4d1e93cf6d2170c6715', '0', 's@gmail.com', 's', 'superadmin');
INSERT INTO `tb_admin` VALUES (5, 'Seller 1', 'seller', '8bcc14a44b6f4f7c810ef4d1e93cf6d2170c6715', '0', 's@gmail.com', 'sad', 'seller');

-- ----------------------------
-- Table structure for tb_category
-- ----------------------------
DROP TABLE IF EXISTS `tb_category`;
CREATE TABLE `tb_category`  (
  `category_id` int(11) NOT NULL AUTO_INCREMENT,
  `category_name` varchar(255) CHARACTER SET latin1 COLLATE latin1_swedish_ci NULL DEFAULT NULL,
  `petshop_id` int(11) NULL DEFAULT NULL,
  PRIMARY KEY (`category_id`) USING BTREE
) ENGINE = InnoDB AUTO_INCREMENT = 20 CHARACTER SET = latin1 COLLATE = latin1_swedish_ci ROW_FORMAT = DYNAMIC;

-- ----------------------------
-- Records of tb_category
-- ----------------------------
INSERT INTO `tb_category` VALUES (10, 'Vitamin Anjing', 4);
INSERT INTO `tb_category` VALUES (11, 'Makanan Kucing', 4);
INSERT INTO `tb_category` VALUES (12, 'Tas Binatang Anjing / Kucing', 4);
INSERT INTO `tb_category` VALUES (13, 'Perlengkapan', 4);
INSERT INTO `tb_category` VALUES (15, 'Sampo', 4);
INSERT INTO `tb_category` VALUES (16, 'Tempat Makanan', 4);
INSERT INTO `tb_category` VALUES (17, 'Vitamin Kucing', 4);
INSERT INTO `tb_category` VALUES (18, 'Makanan Kucing Basah', 4);

-- ----------------------------
-- Table structure for tb_consultant
-- ----------------------------
DROP TABLE IF EXISTS `tb_consultant`;
CREATE TABLE `tb_consultant`  (
  `consultant_id` int(11) NOT NULL AUTO_INCREMENT,
  `consultant_by` varchar(255) CHARACTER SET utf8 COLLATE utf8_bin NULL DEFAULT NULL,
  `consultant_date` varchar(255) CHARACTER SET utf8 COLLATE utf8_bin NULL DEFAULT NULL,
  `consultant` text CHARACTER SET utf8 COLLATE utf8_bin NULL,
  `reply` text CHARACTER SET utf8 COLLATE utf8_bin NULL,
  `reply_by` varchar(255) CHARACTER SET utf8 COLLATE utf8_bin NULL DEFAULT NULL,
  PRIMARY KEY (`consultant_id`) USING BTREE
) ENGINE = InnoDB AUTO_INCREMENT = 5 CHARACTER SET = utf8 COLLATE = utf8_bin ROW_FORMAT = DYNAMIC;

-- ----------------------------
-- Records of tb_consultant
-- ----------------------------
INSERT INTO `tb_consultant` VALUES (1, 'sad', 'sad', 'NGENTOT LUH', 'sad', '');
INSERT INTO `tb_consultant` VALUES (2, 'faf', 'fafs', 'saf', 'saf', '12');
INSERT INTO `tb_consultant` VALUES (4, 'pelanggan', '13-01-2022 14:39:02', 'sad', 'oke', '12');

-- ----------------------------
-- Table structure for tb_doctor
-- ----------------------------
DROP TABLE IF EXISTS `tb_doctor`;
CREATE TABLE `tb_doctor`  (
  `doctor_id` int(11) NOT NULL AUTO_INCREMENT,
  `doctor_name` varchar(255) CHARACTER SET utf8 COLLATE utf8_bin NULL DEFAULT NULL,
  `username` varchar(255) CHARACTER SET utf8 COLLATE utf8_bin NULL DEFAULT NULL,
  `password` varchar(255) CHARACTER SET utf8 COLLATE utf8_bin NULL DEFAULT NULL,
  `doctor_telp` varchar(255) CHARACTER SET utf8 COLLATE utf8_bin NULL DEFAULT NULL,
  `doctor_email` varchar(255) CHARACTER SET utf8 COLLATE utf8_bin NULL DEFAULT NULL,
  `doctor_adress` varchar(255) CHARACTER SET utf8 COLLATE utf8_bin NULL DEFAULT NULL,
  `doctor_info` varchar(255) CHARACTER SET utf8 COLLATE utf8_bin NULL DEFAULT NULL,
  `doctor_profile_img` varchar(255) CHARACTER SET utf8 COLLATE utf8_bin NULL DEFAULT NULL,
  PRIMARY KEY (`doctor_id`) USING BTREE
) ENGINE = InnoDB AUTO_INCREMENT = 17 CHARACTER SET = utf8 COLLATE = utf8_bin ROW_FORMAT = DYNAMIC;

-- ----------------------------
-- Records of tb_doctor
-- ----------------------------
INSERT INTO `tb_doctor` VALUES (16, 'Dr. Cuma contoh', 'dokter', 'ef6755191f031580f2ecda1ded9872b11027e0d3', '081818181818', 'dokter@gmail.com', 'Jl, Cuma contoh', 'sasadad', 'f1_11-01-2022_13-01-2022.jpg');

-- ----------------------------
-- Table structure for tb_petshop
-- ----------------------------
DROP TABLE IF EXISTS `tb_petshop`;
CREATE TABLE `tb_petshop`  (
  `petshop_id` int(11) NOT NULL AUTO_INCREMENT,
  `petshop_name` varchar(255) CHARACTER SET utf8 COLLATE utf8_bin NULL DEFAULT NULL,
  `addby` varchar(255) CHARACTER SET utf8 COLLATE utf8_bin NULL DEFAULT NULL,
  `petshop_telp` varchar(255) CHARACTER SET utf8 COLLATE utf8_bin NULL DEFAULT NULL,
  `petshop_info` varchar(255) CHARACTER SET utf8 COLLATE utf8_bin NULL DEFAULT NULL,
  `petshop_adress` varchar(255) CHARACTER SET utf8 COLLATE utf8_bin NULL DEFAULT NULL,
  `petshop_img` varchar(255) CHARACTER SET utf8 COLLATE utf8_bin NULL DEFAULT NULL,
  PRIMARY KEY (`petshop_id`) USING BTREE
) ENGINE = InnoDB AUTO_INCREMENT = 7 CHARACTER SET = utf8 COLLATE = utf8_bin ROW_FORMAT = DYNAMIC;

-- ----------------------------
-- Records of tb_petshop
-- ----------------------------
INSERT INTO `tb_petshop` VALUES (2, 'Oshin Petshop', 'Administrator', '081339020487', 'PERHATIAN!!!! STOK REAL UPDATE karena mengikuti Stok toko Jika berminat bisa langsung dijadikan, Stok berubah sewaktu - waktus\n\n', 'https://goo.gl/maps/iMdbceZPmq2ujciK9', '2021-01-12_13-01-2022.jpg');
INSERT INTO `tb_petshop` VALUES (3, 'Banjar Jaya Petshop', 'Administrator', '081343478012', 'BUKA PUKUL 08:00', 'https://goo.gl/maps/B5RXSNRX1Snw7Ket5', '2021-10-23_13-01-2022.jpg');
INSERT INTO `tb_petshop` VALUES (4, 'BVM Petshop Sorong', 'Seller 1', '081342308595', 'BUKA : 07:00 - 22:00', 'https://goo.gl/maps/Z7NkSCUyLKB5ZDbT7', '2021-01-14_13-01-2022.jpg');

-- ----------------------------
-- Table structure for tb_product
-- ----------------------------
DROP TABLE IF EXISTS `tb_product`;
CREATE TABLE `tb_product`  (
  `product_id` int(11) NOT NULL AUTO_INCREMENT,
  `category_id` int(25) NULL DEFAULT NULL,
  `petshop_id` int(11) NULL DEFAULT 0,
  `product_name` varchar(255) CHARACTER SET latin1 COLLATE latin1_swedish_ci NULL DEFAULT NULL,
  `product_price` decimal(10, 2) NULL DEFAULT NULL,
  `product_description` text CHARACTER SET utf8 COLLATE utf8_bin NULL,
  `product_image` varchar(255) CHARACTER SET latin1 COLLATE latin1_swedish_ci NULL DEFAULT NULL,
  `product_status` varchar(255) CHARACTER SET latin1 COLLATE latin1_swedish_ci NULL DEFAULT NULL,
  `date_created` varchar(255) CHARACTER SET latin1 COLLATE latin1_swedish_ci NULL DEFAULT NULL,
  PRIMARY KEY (`product_id`) USING BTREE
) ENGINE = InnoDB AUTO_INCREMENT = 35 CHARACTER SET = latin1 COLLATE = latin1_swedish_ci ROW_FORMAT = DYNAMIC;

-- ----------------------------
-- Records of tb_product
-- ----------------------------
INSERT INTO `tb_product` VALUES (20, 11, 4, 'Excel Doughnut Kibbles', 170.00, '<ul><li>Rasa : Tuna</li><li>Berat: 500g</li><li>Bentuk: Donat</li><li>Untuk Usia: 6 Bulan hingga dewasa</li><li>Tidak mengandung babi</li></ul><p style=\"margin: 1px 0px 35px; padding: 0px; border: 0px; outline: 0px; vertical-align: baseline; background-image: initial; background-position: initial; background-size: initial; background-repeat: initial; background-attachment: initial; background-origin: initial; background-clip: initial; line-height: 28px; font-size: 15px; font-family: &quot;Open Sans&quot;, sans-serif;\">Pilihan terbaik dari sang ahli untuk kebaikan nutrisi, kesehatan serta keindahan kulit dan bulu setiap hari.</p><p style=\"margin: 1px 0px 35px; padding: 0px; border: 0px; outline: 0px; vertical-align: baseline; background-image: initial; background-position: initial; background-size: initial; background-repeat: initial; background-attachment: initial; background-origin: initial; background-clip: initial; line-height: 28px; font-size: 15px; font-family: &quot;Open Sans&quot;, sans-serif;\">Kemasan sak 20 kg isi 40 pack.&nbsp;</p>', 'cover_w420_h420_excel_doughnut_10-01-2022.jpg', 'Tampilkan', '10-01-2022 13:04:04');
INSERT INTO `tb_product` VALUES (21, 11, 4, 'Excel Fish Kibbles', 170.00, '<ul><li>Rasa: Tuna</li><li>Berat: 500g</li><li>Bentuk: ikan</li><li>Untuk Usia: 6 Bulan hingga dewasa</li><li>Tidak mengandung babi</li></ul><p style=\"margin: 1px 0px 35px; padding: 0px; border: 0px; outline: 0px; vertical-align: baseline; background-image: initial; background-position: initial; background-size: initial; background-repeat: initial; background-attachment: initial; background-origin: initial; background-clip: initial; line-height: 28px; font-size: 15px; font-family: &quot;Open Sans&quot;, sans-serif;\">Pilihan terbaik dari sang ahli untuk kebaikan nutrisi, kesehatan &nbsp;serta keindahan kulit dan bulu setiap hari.</p>', 'cover_w420_h420_excel_ikan_10-01-2022.jpg', 'Tampilkan', '10-01-2022 13:09:43');
INSERT INTO `tb_product` VALUES (22, 11, 4, 'Excel Triangle Kibbles', 170.00, '<ul><li>Rasa: Tuna</li><li>Berat: 500g</li><li>Bentuk: segitiga</li><li>Untuk Usia: 6 Bulan hingga dewasa</li><li>Tidak mengandung babi</li></ul><p style=\"margin: 1px 0px 35px; padding: 0px; border: 0px; outline: 0px; vertical-align: baseline; background-image: initial; background-position: initial; background-size: initial; background-repeat: initial; background-attachment: initial; background-origin: initial; background-clip: initial; line-height: 28px; font-size: 15px; font-family: &quot;Open Sans&quot;, sans-serif;\">Pilihan terbaik dari sang ahli untuk kebaikan nutrisi, kesehatan &nbsp;serta keindahan kulit dan bulu setiap hari.</p>', 'cover_w420_h420_excel_segitiga_10-01-2022.jpg', 'Tampilkan', '10-01-2022 13:09:44');
INSERT INTO `tb_product` VALUES (23, 11, 4, 'MyPet Fish Kibbles', 165.00, '<ul><li>Rasa: Tuna</li><li>Berat: 1kg</li><li>Bentuk: ikan</li><li>Usia: Semua umur</li><li>Tidak mengandung babi</li></ul><p>Pilihan terbaik dari sang ahli untuk kebaikan nutrisi, kesehatan&nbsp; serta keindahan kulit dan bulu setiap hari.</p><p>Kemasan sak 20 kg isi 20 pack.<br></p>', 'cover_w420_h420_mypet_ikan_10-01-2022.jpg', 'Tampilkan', '10-01-2022 13:17:02');
INSERT INTO `tb_product` VALUES (24, 11, 4, 'MyPet Doughnut Kibbles', 165.00, '<ul><li>Rasa: Tuna</li><li>Berat: 1kg</li><li>Bentuk: ikan</li><li>Usia: Semua umur</li><li>Tidak mengandung babi</li></ul><p>Pilihan terbaik dari sang ahli untuk kebaikan nutrisi, kesehatan&nbsp; serta keindahan kulit dan bulu setiap hari.</p><p>Kemasan sak 20 kg isi 20 pack.</p>', 'cover_w420_h420_mypet_donat_ayam_10-01-2022.jpg', 'Tampilkan', '10-01-2022 13:24:50');
INSERT INTO `tb_product` VALUES (26, 16, 4, 'CAT DISH FWU FONG CAT DISH BOWL LIGHT BLUE ', 6.00, '<ul><li>Diameter: 11cm</li><li>Bahan: Plastik</li><li>Berat: 850g</li></ul>', 'tn_cat-dish-fwu-fong-cat-dish-bowl-light--blue-_1_10-01-2022.jpg', 'Tampilkan', '10-01-2022 14:37:10');
INSERT INTO `tb_product` VALUES (27, 16, 4, 'CAT DISH FWU FONG CAT DISH BOWL PURPLE (UNGU)', 6.00, '<ul><li>Diameter: 11cm</li><li>Bahan: Plastik</li><li>Berat: 850g</li></ul>', 'tn_cat-dish-fwu-fong-cat-dish-bowl-purple-(ungu)_1_10-01-2022.jpg', 'Tampilkan', '10-01-2022 14:42:01');
INSERT INTO `tb_product` VALUES (28, 16, 4, 'CAT DISH FWU FONG CAT DISH DOUBLE BOWL BLUE', 9.00, '<ul><li>Diameter: 2x10cm</li><li>Bahan: Plastik</li><li>Berat: 35g</li></ul>', 'tn_cat-dish-fwu-fong-cat-dish-double-bowl-blue_1_10-01-2022.jpg', 'Tampilkan', '10-01-2022 14:43:41');
INSERT INTO `tb_product` VALUES (30, 17, 4, 'EDEL CAT LIQUID SNACK 6X15 GR SALMON AND INULIN', 35.00, '<div class=\"col-md-12\" style=\"min-height: 1px; padding-right: 15px; padding-left: 15px; float: left; width: 540px; color: rgb(25, 25, 25); font-family: Poppins, sans-serif; font-size: 14px;\"><h2 style=\"line-height: 1.1; margin-top: 20px; margin-bottom: 10px; font-size: 30px;\"><strong style=\"font-weight: bold;\">Kelebihan :</strong></h2><ul style=\"margin-bottom: 10px;\"><li>Healthy Weight Maintenance</li><li>Delicious Taste</li><li>Support Healthy Growth</li><li>Rich Omega-3 and Omega-6</li><li>Healthy Skin and Coat</li><li>Eye and Cardio Health</li><li>Healthy Bone and Joint</li><li>Healthy Brain and Nerve</li><li>Increase Immune System</li><li>Digestive Healthy</li><li>No Soya, Gluten Free, Grain Free</li><li>No Preservatives, Colourants, and Flavours</li></ul><h2 style=\"line-height: 1.1; margin-top: 20px; margin-bottom: 10px; font-size: 30px;\"><strong style=\"font-weight: bold;\">Ingredients :</strong></h2><p style=\"line-height: 22px; margin-right: 0px; margin-bottom: 10px; margin-left: 0px;\">Meat and Animal by-product, Fish and Fish By-Product (Salmon), Milk and Milk Dairy Product, Inulin (0,1%)</p><h2 style=\"line-height: 1.1; margin-top: 20px; margin-bottom: 10px; font-size: 30px;\"><strong style=\"font-weight: bold;\">Analisa Nutrisi :</strong></h2><p style=\"line-height: 22px; margin-right: 0px; margin-bottom: 10px; margin-left: 0px;\">Crude Protein&nbsp; 3 %</p><p style=\"line-height: 22px; margin-right: 0px; margin-bottom: 10px; margin-left: 0px;\">Crude Fat 3,5 %</p><p style=\"line-height: 22px; margin-right: 0px; margin-bottom: 10px; margin-left: 0px;\">Crude Ash 2 %</p><p style=\"line-height: 22px; margin-right: 0px; margin-bottom: 10px; margin-left: 0px;\">Crude Fibre 0,2 %</p><p style=\"line-height: 22px; margin-right: 0px; margin-bottom: 10px; margin-left: 0px;\">Moisture 87 %</p><p style=\"line-height: 22px; margin-right: 0px; margin-bottom: 10px; margin-left: 0px;\">Bahan utama yang digunakan untuk menyusun pakan menggunakan bahan kualitas terbaik. Dibawah ini akan di ulas beberapa bahan yang di gunakan dalam makanan kucing ini :</p><h3 style=\"line-height: 1.1; margin-top: 20px; margin-bottom: 10px; font-size: 24px;\"><strong style=\"font-weight: bold;\">Meat and Animal By-Products</strong></h3><p style=\"line-height: 22px; margin-right: 0px; margin-bottom: 10px; margin-left: 0px;\">Bahan dasar hewan seperti (domba, sapi, ayam, dsb). Bahan ini sumber yang baik untuk protein, asam lemak essensial, zat besi, dan beberapa grup vitamin B. Semua bahan-bahan tersebut bisa berasal dari hasil limbah pengolahan daging, dagingnya, atau by-product lainnya. Secara hukum bahan-bahan ini haruslah di bawah pengawasan dan tanggung jawab dokter hewan, bahan-bahan ini juga harus dapat di konsumsi manusia, atau merupakan bahan berlebih dari industri makanan manusia. Daging salmon merupakan sumber protein hewani yang kaya akan lemak. Daging salmon kaya akan omega-3 dan omega-6. Kedua asam lemak ini sangat berguna dalam memetabolisme lemak (kolestrol), meningkatkan imunitas, meningkatkan kesehatan otak, kulit, dan rambut. Omega-3 dan omega-6 dalam daging salmon berfungsi juga untuk menigkatkan fungsi kognitif kucing. Daging salmon juga kaya mengandung vitamin B12 dan B6 yang dapat mencegah kucing dari resiko anemia, dan menjaga kesehatan kulit dan saraf. Daging ikan salmon juga tinggi sodium, potassium, dan chloride yang ketiganya berfungsi sebagai peningkatan fungsi kesehatan sel, mengatur asam dan basa di dalam tubuh, menyeimbangkan cairan dalam tubuh. Daging salmon juga kaya akan mineral fosfor dan selenium yang baik untuk kesehatan tulang, gigi, kekebalan tubuh, regenerasi sel, dan kesehatan reproduksi.</p><h3 style=\"line-height: 1.1; margin-top: 20px; margin-bottom: 10px; font-size: 24px;\"><strong style=\"font-weight: bold;\">Milk and Milk Dairy Product</strong></h3><p style=\"line-height: 22px; margin-right: 0px; margin-bottom: 10px; margin-left: 0px;\">Beberapa produk susu yang sering digunakan untuk makanan hewa adalah susu murni, susu skim, whey, yogurt, keju, dan cream. Keju merupakan produk olahan dari susu. Keju kaya akan nutrisi yaitu protein, lemak, karbohidrat, vitamin dan mineral. Vitamin yang terkandung di dalam keju adalah vitamin A, vitamin B-Komplek, vitamin D, dan asam folat. Vitamin tersebut baik untuk membantu meningkatkan metabolisme tubuh, meningkatkan pertumbuhan, meningkatkan sistem kekebalan tubuh, serta meningkatkan kesehatan mata, otak, saraf, tulang, kulit, dan rambut. Keju juga kaya akan mineral kalsium, fosfor, potassium, magnesium, zat besi, dan&nbsp; zinc yang berperan penting dalam kesehatan tulang, gigi, jantung, dan kekebalan tubuh. Keju juga kaya akan asam lemak omega-3 dan omega-6 yang baik untuk kesehatan fungsi otak, saraf, dan kekebalan tubuh. Asam lemak linoleic acid dan sphingolipid dalam keju bertindak sebagai antioksidan kuat yang akan mencegah kerusakan sel akibat radikal bebas. Dalam keju juga terkandung probiotik (bakteri baik) yang akan meningkatkan kesehatan saluran cerna dan meningkatkan sistem imunitas hewan.</p><h3 style=\"line-height: 1.1; margin-top: 20px; margin-bottom: 10px; font-size: 24px;\"><strong style=\"font-weight: bold;\">Vitamin dan Minerals</strong></h3><p style=\"line-height: 22px; margin-right: 0px; margin-bottom: 10px; margin-left: 0px;\">Vitamin D3 digunakan untuk memetabolisme mineral, menjaga struktur tulang, dan keseimbangan fosfor. Vitamin E merupakan antioksidan kuat. Vitamin E berperan dalam menyeimbangkan kolestrol, melawan radikal bebas dan mencegah serangan penyakit,memperbaiki kulit rusak, dan kesehatan reproduksi dan hormone.Biotin (vitamin H) merupakan vitamin yang baik berperan untuk membantu metabolisme karbohidrat dan lemak. Biotin juga berperan aktif dalam meningkatkan kesehatan kulit dan rambut sehingga rambut dan kulit tampak lebih cerah dan lebat. Mangan berperan dalam menjaga fungsi dan kerja enzim dalam tubuh, membantu proses metabolisme lemak dan karbohidrat dalam tubuh, dan meningkatkan kesehatan tulang. Zinc berperan dalam memetabolisme karbohidrat menjadi energi, meningkatkan kekebalan tubuh, menjaga kesehatan kulit dan jaringan, membantu proses pertumbuhan, dan menjaga kesehatan reproduksi. Copper berperan dalam membantu produksi kolagen, struktur tulang, jaringan ikat, membantu penyerapan zat besi, membantu proses pematangan sel darah merah, berfungsi sebagai antioksidan dan pembentukan pigmen rambut.</p><h3 style=\"line-height: 1.1; margin-top: 20px; margin-bottom: 10px; font-size: 24px;\"><strong style=\"font-weight: bold;\">Inulin</strong></h3><p style=\"line-height: 22px; margin-right: 0px; margin-bottom: 10px; margin-left: 0px;\">Inulin merupakan salah satu jenis fruktan/karbohidrat yang berperan sebagai prebiotic. Inulin juga merupakan serat yang penting untuk kesehatan saluran pencernaan. Inulin juga merupakan nutrisi untuk bakteri-bakteri bai dalam saluran pencernaan, sehingga jumlah bakteri baik akan bertambah dan menjaga keseimbangan mikroflora baik dalam usus besar. Prebiotik ini juga membantu menstimulus kekebalan tubuh. Inulin juga akan meningkatkan penyerapan mineral kalsium dalam usus dan membantu mengatur metabolisme lemak dan karbohidrat.</p><h3 style=\"line-height: 1.1; margin-top: 20px; margin-bottom: 10px; font-size: 24px;\"><strong style=\"font-weight: bold;\">Taurine</strong></h3><p style=\"line-height: 22px; margin-right: 0px; margin-bottom: 10px; margin-left: 0px;\">Taurine merupakan beta asam amino yang tersusun dari methionine dan cysteine. Asam amino in sangat memegang peranan penting dalam tubuh yaitu menjaga kesehatan dan integritas sel fotoreseptor dalam retina mata, mendukung kesehatan fungsi dan kerja sistem saraf pusat (CNS), menjaga kesehatan fungsi jantung, mengatur dan menjaga perkembangan sel-sel kekebalan tubuh yaitu limfosit dan netrofil, mencegah agregasi platelet darah, dan membantu konjugasi asam empedu.</p><h3 style=\"line-height: 1.1; margin-top: 20px; margin-bottom: 10px; font-size: 24px;\"><strong style=\"font-weight: bold;\">Dari uraian di atas cat food ini memiliki beberapa kelebihan yaitu :</strong></h3><ul style=\"margin-bottom: 10px;\"><li>Pakan ini berbahan utama protein hewani. Sumber protein hewani yang digunakan adalah ikan salmon dan trout. Ikan salmon Daging salmon memiliki kandungan protein yang cukup tinggi. Daging salmon mengandung kaya omega-3 dan omega-6 yang baik untuk kesehatan otak,saraf,kulit, rambut, dan kekebalan tubuh. Daging salmon juga kaya akan B6 dan selenium yang sangat baik dalam membantu metabolisme sehingga menghasilkan energi, dan peningkat hormon pertumbuhan. Pada daging salmon juga mengandung tinggi sodium, potasium, dan klorida yang berfungsi mengatur fungsi sel, mengatur asam dan basa tubuh, serta menyeimbangkan cairan dalam tubuh. Vitamin B12 dalam salmon juga baik untuk mencegah anemia pada kucing. Ikan trout juga memiliki tinggi kandungan omega-3 dan omega-6. Ikan trout juga kaya akan vitamin B12, Niacin, dan B6 yang baik untuk meningkatkan metabolisme dalam tubuh sehingga akan mendukung pertumbuhan dan perkembangan hewan.</li><li>Hipoallergenik karena bebas bijian, bebas kedelai, dan bebas gluten.</li><li>Diperkaya dengan susu/produk susu yang sangat baik untuk meningkatkan nutrisi dalam pakan susu. Beberapa nutrisi seperti protein, lemak, karbohidrat, vitamin, mineral, dan beberapa memiliki kandungan prebiotic serta probiotik.</li><li>Makanan ini juga kaya akan serat sehingga baik untuk kesehatan pencernaan dan membantu proses metabolisme didalam tubuh.</li><li>Kaya akan kandungan omega-3 dan omega-6 yang terkandung alami dalam bahan-bahan penyusun pakan yang sangat baik untuk kesehatan otak, kulit, rambut, otot, tulang, sendi, dan saraf. Omega-3 juga berperan dalam peningkatan kekebalan tubuh hewan.</li><li>Prebiotic dalam pakan ini akan membantu menjaga kesehatan saluran pencernaan, mengurangi kadar kolestrol, meningkatkan kekebalan tubuh meningkatkan proses penyerapan dan metabolisme mineral, dan menambah jumlah bakteri baik dalam saluran pencernaan.</li><li>Makanan ini memiliki tambahan taurine yang sangat baik untuk kesehatan mata dan jantung hewan</li><li>Diperkaya dengan biotin untuk menjaga berat badan ideal dan kesehatan kulit dan bulu.</li><li>Makanan ini juga sudah memiliki tambahan mineral dan vitamin yang baik untuk mendukung kekebalan tubuh kucing, proses pertumbuhan, menjaga metabolisme dalam tubuh, serta sebagai regenerasi sel-sel yang rusak dalam tubuh.</li><li>Pakan ini juga tidak mengandung perasa, pewarna, dan pengawet sintetik sehingga aman dan sehat untuk kucing. Pakan kucing ini juga tidak menggunakan kedelai dimana kedelai banyak mengandung zat anti-nutrisi dan dapat mengganggu pertumbuhan.</li><li></li></ul></div>', 'tn_cat-snacks-edel-liquid-with-salmon-and-inulin_1_10-01-2022.jpg', 'Tampilkan', '10-01-2022 14:50:53');
INSERT INTO `tb_product` VALUES (31, 10, 4, 'CAT VITAMIN KIS-KIS PASTILS ANTI-PARASITES', 105.00, '<h2 style=\"margin-top: 20px; margin-bottom: 10px; font-family: Poppins, sans-serif; line-height: 1.1; color: rgb(25, 25, 25); font-size: 30px; text-align: center;\"><strong style=\"font-weight: bold;\">PROTEIN : 12,4% FAT : 3%</strong></h2><h2 style=\"margin-top: 20px; margin-bottom: 10px; font-family: Poppins, sans-serif; line-height: 1.1; color: rgb(25, 25, 25); font-size: 30px; text-align: center;\"><strong style=\"font-weight: bold;\">VITAMIN UNTUK KUCING</strong></h2><h3 style=\"margin-top: 20px; margin-bottom: 10px; font-family: Poppins, sans-serif; line-height: 1.1; color: rgb(25, 25, 25); font-size: 24px; text-align: center;\"><strong style=\"font-weight: bold;\">Direkomendasikan untuk semua jenis dan usia kucing<br>Berfungsi untuk mencegah dan mengobati masalah kutu, caplak, tungau dan cacing.</strong></h3><h2 style=\"font-family: Poppins, sans-serif; line-height: 1.1; color: rgb(25, 25, 25); margin-top: 20px; margin-bottom: 10px; font-size: 30px; text-align: center;\"><p style=\"margin-right: 0px; margin-bottom: 10px; margin-left: 0px; font-size: 14px; line-height: 22px;\">&nbsp;</p><p style=\"margin-right: 0px; margin-bottom: 10px; margin-left: 0px; font-size: 14px; line-height: 22px;\">&nbsp;</p></h2><h3 style=\"margin-top: 20px; margin-bottom: 10px; font-family: Poppins, sans-serif; line-height: 1.1; color: rgb(25, 25, 25); font-size: 24px;\"><strong style=\"font-weight: bold;\">Manfaat :</strong></h3><h2 style=\"font-family: Poppins, sans-serif; line-height: 1.1; color: rgb(25, 25, 25); margin-top: 20px; margin-bottom: 10px; font-size: 30px; text-align: center;\"><ul style=\"margin-bottom: 10px; font-size: 14px;\"><li><strong style=\"font-weight: bold;\">100% Natural Ingredients</strong></li><li><strong style=\"font-weight: bold;\">Work preventive against fleas, louses, ticks, worms and mosquitos</strong></li><li><strong style=\"font-weight: bold;\">Supports heart and bloodvessels</strong></li><li><strong style=\"font-weight: bold;\">Reduces cholesterol level</strong></li></ul><p style=\"margin-right: 0px; margin-bottom: 10px; margin-left: 0px; font-size: 14px; line-height: 22px;\">&nbsp;</p><p style=\"margin-right: 0px; margin-bottom: 10px; margin-left: 0px; font-size: 14px; line-height: 22px;\">&nbsp;</p></h2><h3 style=\"margin-top: 20px; margin-bottom: 10px; font-family: Poppins, sans-serif; line-height: 1.1; color: rgb(25, 25, 25); font-size: 24px;\"><strong style=\"font-weight: bold;\">Ingredients :</strong></h3><h2 style=\"font-family: Poppins, sans-serif; line-height: 1.1; color: rgb(25, 25, 25); margin-top: 20px; margin-bottom: 10px; font-size: 30px; text-align: center;\"><p style=\"margin-right: 0px; margin-bottom: 10px; margin-left: 0px; font-size: 14px; line-height: 22px;\">Whey powder, rice gluten, dextrose, vegetable products, vitamins and minerals, Aliin powder and allicin powder, yeast.</p><p style=\"margin-right: 0px; margin-bottom: 10px; margin-left: 0px; font-size: 14px; line-height: 22px;\">&nbsp;</p></h2><h3 style=\"margin-top: 20px; margin-bottom: 10px; font-family: Poppins, sans-serif; line-height: 1.1; color: rgb(25, 25, 25); font-size: 24px;\"><strong style=\"font-weight: bold;\">Analisa Nutrisi&nbsp;</strong></h3><h2 style=\"font-family: Poppins, sans-serif; line-height: 1.1; color: rgb(25, 25, 25); margin-top: 20px; margin-bottom: 10px; font-size: 30px; text-align: center;\"><p style=\"margin-right: 0px; margin-bottom: 10px; margin-left: 0px; font-size: 14px; line-height: 22px;\">Protein 12,4%</p><p style=\"margin-right: 0px; margin-bottom: 10px; margin-left: 0px; font-size: 14px; line-height: 22px;\">Fat 3,0%</p><p style=\"margin-right: 0px; margin-bottom: 10px; margin-left: 0px; font-size: 14px; line-height: 22px;\">Ash 6,5%</p><p style=\"margin-right: 0px; margin-bottom: 10px; margin-left: 0px; font-size: 14px; line-height: 22px;\">Vitamin A 3,370 IU</p><p style=\"margin-right: 0px; margin-bottom: 10px; margin-left: 0px; font-size: 14px; line-height: 22px;\">&nbsp;</p></h2><h3 style=\"margin-top: 20px; margin-bottom: 10px; font-family: Poppins, sans-serif; line-height: 1.1; color: rgb(25, 25, 25); font-size: 24px;\"><strong style=\"font-weight: bold;\">Ulasan Bahan :</strong></h3><h2 style=\"font-family: Poppins, sans-serif; line-height: 1.1; color: rgb(25, 25, 25); margin-top: 20px; margin-bottom: 10px; font-size: 30px; text-align: center;\"><p style=\"margin-right: 0px; margin-bottom: 10px; margin-left: 0px; font-size: 14px; line-height: 22px;\"><strong style=\"font-weight: bold;\">1. Whey powder&nbsp;</strong></p><p style=\"margin-right: 0px; margin-bottom: 10px; margin-left: 0px; font-size: 14px; line-height: 22px;\">Whey powder merupakan produk susu yang telah mengalami pengendapan protein dan dikeringkan, whey dapat ditemukan di dalam yoghurt, limbah keju atau susu. Whey yang sudah mengalami proses pengeringan (whey powder) memiliki banyak nutrisi, diantaranya yaitu mengandung laktosa, protein, riboflavin, kasein, dan mineral.</p><p style=\"margin-right: 0px; margin-bottom: 10px; margin-left: 0px; font-size: 14px; line-height: 22px;\">Protein bermanfaat dalam pertumbuhan masa otot.</p><p style=\"margin-right: 0px; margin-bottom: 10px; margin-left: 0px; font-size: 14px; line-height: 22px;\">Laktosa berfungsi sebagai pemberi aroma manis. Kandungan laktosa dalam whey powder sedikit, sehingga tidak akan mengganggu kesehatan kucing. Riboflavin (vitamin B2) digunakan untuk kesehatan kulit dan bulu kucing. Sedangkan mineral berfungsi untuk menjaga kesehatan tulang, mencegah terjadinya gangguan pada otot, menjaga&nbsp; keseimbangan cairan dalam tubuh, dan memelihara fungsi otak.</p><p style=\"margin-right: 0px; margin-bottom: 10px; margin-left: 0px; font-size: 14px; line-height: 22px;\">&nbsp;</p><p style=\"margin-right: 0px; margin-bottom: 10px; margin-left: 0px; font-size: 14px; line-height: 22px;\"><strong style=\"font-weight: bold;\">2. Rice gluten&nbsp;</strong></p><p style=\"margin-right: 0px; margin-bottom: 10px; margin-left: 0px; font-size: 14px; line-height: 22px;\">Rice gluten merupakan salah satu jenis protein yang biasanya terkandung di dalam gandum hasil persilangan (Triticale), gandum biasa, dan jelai atau&nbsp;barley. Rice gluten berperan sebagai sumber energi dalam suplemen. Selain itu, rice gluten dalam suplemen ini berfungsi sebagai bahan perekat dalam suplemen ini sehingga tidak mudah hancur.</p><p style=\"margin-right: 0px; margin-bottom: 10px; margin-left: 0px; font-size: 14px; line-height: 22px;\">&nbsp;</p><p style=\"margin-right: 0px; margin-bottom: 10px; margin-left: 0px; font-size: 14px; line-height: 22px;\"><strong style=\"font-weight: bold;\">3. Dextrose</strong></p><p style=\"margin-right: 0px; margin-bottom: 10px; margin-left: 0px; font-size: 14px; line-height: 22px;\">Dekstrosa adalah bentuk glukosa yang berasal dari pati. Dekstrosa dapat dimetabolisme oleh sel-sel tubuh untuk menjaga tubuh dan otak tetak aktif. Dekstrosa merupakan sumber karbohidrat untuk meningkatkan massa otot pada kucing.</p><p style=\"margin-right: 0px; margin-bottom: 10px; margin-left: 0px; font-size: 14px; line-height: 22px;\">&nbsp;</p><p style=\"margin-right: 0px; margin-bottom: 10px; margin-left: 0px; font-size: 14px; line-height: 22px;\"><strong style=\"font-weight: bold;\">4. Vegetable product&nbsp;</strong></p><p style=\"margin-right: 0px; margin-bottom: 10px; margin-left: 0px; font-size: 14px; line-height: 22px;\">Suplemen ini juga mengandung protein nabati. Selain itu vegetable produk juga dikenal sebagai sumber serat alami, antioksidan, vitamin, dan mineral. Serat alami dalam suplemen ini dapat membantu melancarkan saluran cerna kucing. Sedangkan antioksidan dalam suplemen juga berfungsi membantu mencegah adanya radikal bebas yang akan membawa dampak negatif bagi kesehatan kucing di dalam tubuh.</p><p style=\"margin-right: 0px; margin-bottom: 10px; margin-left: 0px; font-size: 14px; line-height: 22px;\">&nbsp;</p><p style=\"margin-right: 0px; margin-bottom: 10px; margin-left: 0px; font-size: 14px; line-height: 22px;\"><strong style=\"font-weight: bold;\">5. Vitamin dan Mineral</strong></p><ul style=\"margin-bottom: 10px; font-size: 14px;\"><li>Vitamin B 1 : Thiamin terlibat dalam berbagai macam reaksi biokimia komplex di dalam tubuh kucing yang membantu menghasilkan energi di dalam sel untuk keperluan aktivitas sehari-hari. Fungsi utama dari thiamin adalah untuk menjaga kesehatan sistem saraf dengan cara membantu mentransmisikan impuls sensor.</li><li>Vitamin B2 : Riboflavin dibutuhkan untuk kesehatan kulit dan bulu kucing. kekurangan vitamin ini dapat menyebabkan kelainan pada kulit di sekitar mata dan perut.</li><li>Vitamin B6 : Sama seperti asam pantothenic, vitamin ini berperan sebagai koenzim di berbagai proses metabolisme dalam tubuh, khususnya yang terkait dengan proses pembentukan asam amino.</li><li>Vitamin B12 : Cobalamin berfungsi sebagai koenzim di berbagai proses reaksi biokimia. Fungsi utama dai cobalamin adalah membantu proses pembentukan protein dan sel darah merah kucing.</li><li>Vitamin A : Berfungsi sebagai menjaga kesehatan mata, reproduksi (membantu pembentukan beberapa hormon), pembentukan protein, mengatur pertumbuhan sel epidermis, dan produksi sebum (minyak)</li></ul><p style=\"margin-right: 0px; margin-bottom: 10px; margin-left: 0px; font-size: 14px; line-height: 22px;\">&nbsp;</p><p style=\"margin-right: 0px; margin-bottom: 10px; margin-left: 0px; font-size: 14px; line-height: 22px;\"><strong style=\"font-weight: bold;\">6. Aliin dan Allicin Powder</strong></p><p style=\"margin-right: 0px; margin-bottom: 10px; margin-left: 0px; font-size: 14px; line-height: 22px;\">Allicin (diallyl thiosulfinate) merupakan salah satu komponen biologis paling aktif yang terkandung dalam bawang putih. Adanya kerusakan pada umbi bawang yang ditimbulkan dari dipotong atau dihancurkannya bawang putih akan mengaktifkan enzim Allinase. Enzim allinase akan mengubah Allin menjadi Allicin, senyawa ini akan menghasilkan sifat anti parasit di dalam tubuh kucing. Cara kerja allin dan allicin di dalam tubuh yaitu dengan menghasilkan efek toksik (racun) pada parasit. Efek toksik (racun) bagi parasit yang ditimbulkan oleh allicin akan menyebar melalui pembuluh darah, sehingga parasit akan mati karena keracunan senyawa tersebut. Selain itu, senyawa allicin yang dihasilkan dari bawang putih akan menyebabkan efek panas bagi parasit. Dengan mengkonsumsi suplemen yang mengandung allicin, maka produksi kelenjar minyak yang dihasilkan oleh tubuh kucing akan beraroma khas seperti bawang, sehingga parasit seperti kutu, caplak, tungau dan pinjal tidak akan kembali menginfeksi kucing.</p><p style=\"margin-right: 0px; margin-bottom: 10px; margin-left: 0px; font-size: 14px; line-height: 22px;\">Allin dan Allicin di dalam suplemen ini didapatkan dari ekstraksi bawang putih. Allicin tidak hanya memiliki efek antiparasit, tapi juga efek antibakteri dan antivirus. Cara kerja Allicin dalam menghambat pertumbuhan bakteri ialah dengan cara menghambat secara total sintesis RNA bakteri. Selain itu, allin dan allicin dapat menghambat enzim yang menyebabkan kolesterol di dalam darah. Sehingga juga bermanfaat dalam sistem kardiovaskuler, dengan meningkatkan sirkulasi darah, mengurangi jumlah lemak (trigliserida) dan kolesterol.</p><p style=\"margin-right: 0px; margin-bottom: 10px; margin-left: 0px; font-size: 14px; line-height: 22px;\">&nbsp;</p><p style=\"margin-right: 0px; margin-bottom: 10px; margin-left: 0px; font-size: 14px; line-height: 22px;\"><strong style=\"font-weight: bold;\">7. Yeast&nbsp;</strong></p><p style=\"margin-right: 0px; margin-bottom: 10px; margin-left: 0px; font-size: 14px; line-height: 22px;\">Ragi digunakan sebagai pemberi aroma khas pada pastils. Ragi mengandung whey yang kaya akan protein, dan vitamin B komplek. Ragi dapat menambah nafsu makan pada kucing, serta mengandung mikroorganisme yang bermanfaat untuk mencegah tumbuh dan berkembangnya patogen yang berbahaya bagi pencernaan kucing. Ragi juga memiliki efek yang baik untuk saraf dan peredaran darah. Ragi susu mengandung vitamin E, asam nikotinat, asam pantotenat, vitamin H (biotin), vitamin B12, asam float dan vitamin C. Sehingga dapat membantu menyeimbangkan metabolisme di dalam tubuh kucing.</p><p style=\"margin-right: 0px; margin-bottom: 10px; margin-left: 0px; font-size: 14px; line-height: 22px;\">&nbsp;</p></h2><h3 style=\"margin-top: 20px; margin-bottom: 10px; font-family: Poppins, sans-serif; line-height: 1.1; color: rgb(25, 25, 25); font-size: 24px;\"><strong style=\"font-weight: bold;\">Kelebihan :</strong></h3><h2 style=\"font-family: Poppins, sans-serif; line-height: 1.1; color: rgb(25, 25, 25); margin-top: 20px; margin-bottom: 10px; font-size: 30px; text-align: center;\"><ul style=\"margin-bottom: 10px; font-size: 14px;\"><li>Protein bermanfaat dalam pertumbuhan masa otot. Protein bersumber dari whey powder dan rice gluten. Protein di dalam whey juga merupakan pemicu glutathione untuk kucing. Glutathione berfungsi sebagai antioksidan yang diproduksi oleh tubuh kucing dalam menekan perkembangan sel kanker.</li><li>Laktosa berfungsi sebagai pemberi aroma pada suplemen, berasal dari whey powder. Sehingga kucing akan lebih menyukai suplemen ini.</li><li>Karbohidrat di dapatkan dari dekstrosa yang berfungsi untuk meningkatkan massa otot pada kucing</li><li>Antioksidan bermanfaat untuk mencegah adanya radikal bebas yang dapat mengganggu kesehatan kucing. Antioksidan didapatkan dari vegetable product, dan vitamin C</li><li>Vitamin B1 dalam suplemen berfungsi untuk menjaga sistem saraf. Vitamin B2 berfungsi untuk menjaga kesehatan kulit dan bulu, vitamin B6 membantu metabolisme tubuh, vitamin B12 membantu pembentukan protein serta sel darah merah pada kucing, dan vitamin A membantu menjaga kesehatan mata.</li><li>Suplemen ini bermanfaat sebagai antiparasit, antibakteri, dan anti virus pada kucing, karena mengandung enzim allisin yang dapat mengubah allin menjadi allicin sehingga membuat efek toksik (racun) bagi parasit di dalam aliran darah serta bau yang ditimbulkan dari allin dan allicin akan mampu mengusir parasit dari tubuh kucing. Penambahan allin dan allicin juga memberi efek dalam membersihkan pembuluh darah dan mengurangi resiko terjadinya kolesterol.</li><li>Penambahan ragi digunakan untuk menjaga sistem pencernaan dari patogen (agen infeksi) yang berbahaya.</li><li>Semua bahan berasal dari alam tanpa ada bahan kimia sintetik sehingga lebih aman dan lebih sehat untuk kucing.</li><li></li></ul></h2>', 'tn_cat-vitamin-kis-kis-pastils-anti-parasites-135-gr_1_10-01-2022.jpg', 'Tampilkan', '10-01-2022 14:52:37');
INSERT INTO `tb_product` VALUES (32, 17, 4, 'CAT VITAMIN KIS-KIS PASTILS BIOTIN', 60.00, '<div style=\"text-align: center;\"><h2 style=\"margin-top: 20px; margin-bottom: 10px; font-family: Poppins, sans-serif; line-height: 1.1; color: rgb(25, 25, 25); font-size: 30px;\"><strong style=\"font-weight: bold;\">PROTEIN : 12,4% FAT : 3%</strong></h2><h2 style=\"margin-top: 20px; margin-bottom: 10px; font-family: Poppins, sans-serif; line-height: 1.1; color: rgb(25, 25, 25); font-size: 30px;\"><strong style=\"font-weight: bold;\">VITAMIN UNTUK KUCING</strong></h2><h3 style=\"margin-top: 20px; margin-bottom: 10px; font-family: Poppins, sans-serif; line-height: 1.1; color: rgb(25, 25, 25); font-size: 24px;\"><strong style=\"font-weight: bold;\">Direkomendasikan untuk semua jenis dan usia kucing<br>Berfungsi untuk mencegah dan mengobati masalah kutu, caplak, tungau dan cacing.</strong></h3><p style=\"margin-right: 0px; margin-bottom: 10px; margin-left: 0px; font-size: 14px; line-height: 22px; color: rgb(25, 25, 25); font-family: Poppins, sans-serif;\">&nbsp;</p><p style=\"margin-right: 0px; margin-bottom: 10px; margin-left: 0px; font-size: 14px; line-height: 22px; color: rgb(25, 25, 25); font-family: Poppins, sans-serif;\">&nbsp;</p><h3 style=\"margin-top: 20px; margin-bottom: 10px; font-family: Poppins, sans-serif; line-height: 1.1; color: rgb(25, 25, 25); font-size: 24px;\"><strong style=\"font-weight: bold;\">Manfaat :</strong></h3><ul style=\"margin-bottom: 10px; color: rgb(25, 25, 25); font-family: Poppins, sans-serif; font-size: 14px;\"><li><strong style=\"font-weight: bold;\">100% Natural Ingredients</strong></li><li><strong style=\"font-weight: bold;\">Work preventive against fleas, louses, ticks, worms and mosquitos</strong></li><li><strong style=\"font-weight: bold;\">Supports heart and bloodvessels</strong></li><li><strong style=\"font-weight: bold;\">Reduces cholesterol level</strong></li></ul><p style=\"margin-right: 0px; margin-bottom: 10px; margin-left: 0px; font-size: 14px; line-height: 22px; color: rgb(25, 25, 25); font-family: Poppins, sans-serif;\">&nbsp;</p><p style=\"margin-right: 0px; margin-bottom: 10px; margin-left: 0px; font-size: 14px; line-height: 22px; color: rgb(25, 25, 25); font-family: Poppins, sans-serif;\">&nbsp;</p><h3 style=\"margin-top: 20px; margin-bottom: 10px; font-family: Poppins, sans-serif; line-height: 1.1; color: rgb(25, 25, 25); font-size: 24px;\"><strong style=\"font-weight: bold;\">Ingredients :</strong></h3><p style=\"margin-right: 0px; margin-bottom: 10px; margin-left: 0px; font-size: 14px; line-height: 22px; color: rgb(25, 25, 25); font-family: Poppins, sans-serif;\">Whey powder, rice gluten, dextrose, vegetable products, vitamins and minerals, Aliin powder and allicin powder, yeast.</p><p style=\"margin-right: 0px; margin-bottom: 10px; margin-left: 0px; font-size: 14px; line-height: 22px; color: rgb(25, 25, 25); font-family: Poppins, sans-serif;\">&nbsp;</p><h3 style=\"margin-top: 20px; margin-bottom: 10px; font-family: Poppins, sans-serif; line-height: 1.1; color: rgb(25, 25, 25); font-size: 24px;\"><strong style=\"font-weight: bold;\">Analisa Nutrisi&nbsp;</strong></h3><p style=\"margin-right: 0px; margin-bottom: 10px; margin-left: 0px; font-size: 14px; line-height: 22px; color: rgb(25, 25, 25); font-family: Poppins, sans-serif;\">Protein 12,4%</p><p style=\"margin-right: 0px; margin-bottom: 10px; margin-left: 0px; font-size: 14px; line-height: 22px; color: rgb(25, 25, 25); font-family: Poppins, sans-serif;\">Fat 3,0%</p><p style=\"margin-right: 0px; margin-bottom: 10px; margin-left: 0px; font-size: 14px; line-height: 22px; color: rgb(25, 25, 25); font-family: Poppins, sans-serif;\">Ash 6,5%</p><p style=\"margin-right: 0px; margin-bottom: 10px; margin-left: 0px; font-size: 14px; line-height: 22px; color: rgb(25, 25, 25); font-family: Poppins, sans-serif;\">Vitamin A 3,370 IU</p><p style=\"margin-right: 0px; margin-bottom: 10px; margin-left: 0px; font-size: 14px; line-height: 22px; color: rgb(25, 25, 25); font-family: Poppins, sans-serif;\">&nbsp;</p><h3 style=\"margin-top: 20px; margin-bottom: 10px; font-family: Poppins, sans-serif; line-height: 1.1; color: rgb(25, 25, 25); font-size: 24px;\"><strong style=\"font-weight: bold;\">Ulasan Bahan :</strong></h3><p style=\"margin-right: 0px; margin-bottom: 10px; margin-left: 0px; font-size: 14px; line-height: 22px; color: rgb(25, 25, 25); font-family: Poppins, sans-serif;\"><strong style=\"font-weight: bold;\">1. Whey powder&nbsp;</strong></p><p style=\"margin-right: 0px; margin-bottom: 10px; margin-left: 0px; font-size: 14px; line-height: 22px; color: rgb(25, 25, 25); font-family: Poppins, sans-serif;\">Whey powder merupakan produk susu yang telah mengalami pengendapan protein dan dikeringkan, whey dapat ditemukan di dalam yoghurt, limbah keju atau susu. Whey yang sudah mengalami proses pengeringan (whey powder) memiliki banyak nutrisi, diantaranya yaitu mengandung laktosa, protein, riboflavin, kasein, dan mineral.</p><p style=\"margin-right: 0px; margin-bottom: 10px; margin-left: 0px; font-size: 14px; line-height: 22px; color: rgb(25, 25, 25); font-family: Poppins, sans-serif;\">Protein bermanfaat dalam pertumbuhan masa otot.</p><p style=\"margin-right: 0px; margin-bottom: 10px; margin-left: 0px; font-size: 14px; line-height: 22px; color: rgb(25, 25, 25); font-family: Poppins, sans-serif;\">Laktosa berfungsi sebagai pemberi aroma manis. Kandungan laktosa dalam whey powder sedikit, sehingga tidak akan mengganggu kesehatan kucing. Riboflavin (vitamin B2) digunakan untuk kesehatan kulit dan bulu kucing. Sedangkan mineral berfungsi untuk menjaga kesehatan tulang, mencegah terjadinya gangguan pada otot, menjaga&nbsp; keseimbangan cairan dalam tubuh, dan memelihara fungsi otak.</p><p style=\"margin-right: 0px; margin-bottom: 10px; margin-left: 0px; font-size: 14px; line-height: 22px; color: rgb(25, 25, 25); font-family: Poppins, sans-serif;\">&nbsp;</p><p style=\"margin-right: 0px; margin-bottom: 10px; margin-left: 0px; font-size: 14px; line-height: 22px; color: rgb(25, 25, 25); font-family: Poppins, sans-serif;\"><strong style=\"font-weight: bold;\">2. Rice gluten&nbsp;</strong></p><p style=\"margin-right: 0px; margin-bottom: 10px; margin-left: 0px; font-size: 14px; line-height: 22px; color: rgb(25, 25, 25); font-family: Poppins, sans-serif;\">Rice gluten merupakan salah satu jenis protein yang biasanya terkandung di dalam gandum hasil persilangan (Triticale), gandum biasa, dan jelai atau&nbsp;barley. Rice gluten berperan sebagai sumber energi dalam suplemen. Selain itu, rice gluten dalam suplemen ini berfungsi sebagai bahan perekat dalam suplemen ini sehingga tidak mudah hancur.</p><p style=\"margin-right: 0px; margin-bottom: 10px; margin-left: 0px; font-size: 14px; line-height: 22px; color: rgb(25, 25, 25); font-family: Poppins, sans-serif;\">&nbsp;</p><p style=\"margin-right: 0px; margin-bottom: 10px; margin-left: 0px; font-size: 14px; line-height: 22px; color: rgb(25, 25, 25); font-family: Poppins, sans-serif;\"><strong style=\"font-weight: bold;\">3. Dextrose</strong></p><p style=\"margin-right: 0px; margin-bottom: 10px; margin-left: 0px; font-size: 14px; line-height: 22px; color: rgb(25, 25, 25); font-family: Poppins, sans-serif;\">Dekstrosa adalah bentuk glukosa yang berasal dari pati. Dekstrosa dapat dimetabolisme oleh sel-sel tubuh untuk menjaga tubuh dan otak tetak aktif. Dekstrosa merupakan sumber karbohidrat untuk meningkatkan massa otot pada kucing.</p><p style=\"margin-right: 0px; margin-bottom: 10px; margin-left: 0px; font-size: 14px; line-height: 22px; color: rgb(25, 25, 25); font-family: Poppins, sans-serif;\">&nbsp;</p><p style=\"margin-right: 0px; margin-bottom: 10px; margin-left: 0px; font-size: 14px; line-height: 22px; color: rgb(25, 25, 25); font-family: Poppins, sans-serif;\"><strong style=\"font-weight: bold;\">4. Vegetable product&nbsp;</strong></p><p style=\"margin-right: 0px; margin-bottom: 10px; margin-left: 0px; font-size: 14px; line-height: 22px; color: rgb(25, 25, 25); font-family: Poppins, sans-serif;\">Suplemen ini juga mengandung protein nabati. Selain itu vegetable produk juga dikenal sebagai sumber serat alami, antioksidan, vitamin, dan mineral. Serat alami dalam suplemen ini dapat membantu melancarkan saluran cerna kucing. Sedangkan antioksidan dalam suplemen juga berfungsi membantu mencegah adanya radikal bebas yang akan membawa dampak negatif bagi kesehatan kucing di dalam tubuh.</p><p style=\"margin-right: 0px; margin-bottom: 10px; margin-left: 0px; font-size: 14px; line-height: 22px; color: rgb(25, 25, 25); font-family: Poppins, sans-serif;\">&nbsp;</p><p style=\"margin-right: 0px; margin-bottom: 10px; margin-left: 0px; font-size: 14px; line-height: 22px; color: rgb(25, 25, 25); font-family: Poppins, sans-serif;\"><strong style=\"font-weight: bold;\">5. Vitamin dan Mineral</strong></p><ul style=\"margin-bottom: 10px; color: rgb(25, 25, 25); font-family: Poppins, sans-serif; font-size: 14px;\"><li>Vitamin B 1 : Thiamin terlibat dalam berbagai macam reaksi biokimia komplex di dalam tubuh kucing yang membantu menghasilkan energi di dalam sel untuk keperluan aktivitas sehari-hari. Fungsi utama dari thiamin adalah untuk menjaga kesehatan sistem saraf dengan cara membantu mentransmisikan impuls sensor.</li><li>Vitamin B2 : Riboflavin dibutuhkan untuk kesehatan kulit dan bulu kucing. kekurangan vitamin ini dapat menyebabkan kelainan pada kulit di sekitar mata dan perut.</li><li>Vitamin B6 : Sama seperti asam pantothenic, vitamin ini berperan sebagai koenzim di berbagai proses metabolisme dalam tubuh, khususnya yang terkait dengan proses pembentukan asam amino.</li><li>Vitamin B12 : Cobalamin berfungsi sebagai koenzim di berbagai proses reaksi biokimia. Fungsi utama dai cobalamin adalah membantu proses pembentukan protein dan sel darah merah kucing.</li><li>Vitamin A : Berfungsi sebagai menjaga kesehatan mata, reproduksi (membantu pembentukan beberapa hormon), pembentukan protein, mengatur pertumbuhan sel epidermis, dan produksi sebum (minyak)</li></ul><p style=\"margin-right: 0px; margin-bottom: 10px; margin-left: 0px; font-size: 14px; line-height: 22px; color: rgb(25, 25, 25); font-family: Poppins, sans-serif;\">&nbsp;</p><p style=\"margin-right: 0px; margin-bottom: 10px; margin-left: 0px; font-size: 14px; line-height: 22px; color: rgb(25, 25, 25); font-family: Poppins, sans-serif;\"><strong style=\"font-weight: bold;\">6. Aliin dan Allicin Powder</strong></p><p style=\"margin-right: 0px; margin-bottom: 10px; margin-left: 0px; font-size: 14px; line-height: 22px; color: rgb(25, 25, 25); font-family: Poppins, sans-serif;\">Allicin (diallyl thiosulfinate) merupakan salah satu komponen biologis paling aktif yang terkandung dalam bawang putih. Adanya kerusakan pada umbi bawang yang ditimbulkan dari dipotong atau dihancurkannya bawang putih akan mengaktifkan enzim Allinase. Enzim allinase akan mengubah Allin menjadi Allicin, senyawa ini akan menghasilkan sifat anti parasit di dalam tubuh kucing. Cara kerja allin dan allicin di dalam tubuh yaitu dengan menghasilkan efek toksik (racun) pada parasit. Efek toksik (racun) bagi parasit yang ditimbulkan oleh allicin akan menyebar melalui pembuluh darah, sehingga parasit akan mati karena keracunan senyawa tersebut. Selain itu, senyawa allicin yang dihasilkan dari bawang putih akan menyebabkan efek panas bagi parasit. Dengan mengkonsumsi suplemen yang mengandung allicin, maka produksi kelenjar minyak yang dihasilkan oleh tubuh kucing akan beraroma khas seperti bawang, sehingga parasit seperti kutu, caplak, tungau dan pinjal tidak akan kembali menginfeksi kucing.</p><p style=\"margin-right: 0px; margin-bottom: 10px; margin-left: 0px; font-size: 14px; line-height: 22px; color: rgb(25, 25, 25); font-family: Poppins, sans-serif;\">Allin dan Allicin di dalam suplemen ini didapatkan dari ekstraksi bawang putih. Allicin tidak hanya memiliki efek antiparasit, tapi juga efek antibakteri dan antivirus. Cara kerja Allicin dalam menghambat pertumbuhan bakteri ialah dengan cara menghambat secara total sintesis RNA bakteri. Selain itu, allin dan allicin dapat menghambat enzim yang menyebabkan kolesterol di dalam darah. Sehingga juga bermanfaat dalam sistem kardiovaskuler, dengan meningkatkan sirkulasi darah, mengurangi jumlah lemak (trigliserida) dan kolesterol.</p><p style=\"margin-right: 0px; margin-bottom: 10px; margin-left: 0px; font-size: 14px; line-height: 22px; color: rgb(25, 25, 25); font-family: Poppins, sans-serif;\">&nbsp;</p><p style=\"margin-right: 0px; margin-bottom: 10px; margin-left: 0px; font-size: 14px; line-height: 22px; color: rgb(25, 25, 25); font-family: Poppins, sans-serif;\"><strong style=\"font-weight: bold;\">7. Yeast&nbsp;</strong></p><p style=\"margin-right: 0px; margin-bottom: 10px; margin-left: 0px; font-size: 14px; line-height: 22px; color: rgb(25, 25, 25); font-family: Poppins, sans-serif;\">Ragi digunakan sebagai pemberi aroma khas pada pastils. Ragi mengandung whey yang kaya akan protein, dan vitamin B komplek. Ragi dapat menambah nafsu makan pada kucing, serta mengandung mikroorganisme yang bermanfaat untuk mencegah tumbuh dan berkembangnya patogen yang berbahaya bagi pencernaan kucing. Ragi juga memiliki efek yang baik untuk saraf dan peredaran darah. Ragi susu mengandung vitamin E, asam nikotinat, asam pantotenat, vitamin H (biotin), vitamin B12, asam float dan vitamin C. Sehingga dapat membantu menyeimbangkan metabolisme di dalam tubuh kucing.</p><p style=\"margin-right: 0px; margin-bottom: 10px; margin-left: 0px; font-size: 14px; line-height: 22px; color: rgb(25, 25, 25); font-family: Poppins, sans-serif;\">&nbsp;</p><h3 style=\"margin-top: 20px; margin-bottom: 10px; font-family: Poppins, sans-serif; line-height: 1.1; color: rgb(25, 25, 25); font-size: 24px;\"><strong style=\"font-weight: bold;\">Kelebihan :</strong></h3><ul style=\"margin-bottom: 10px; color: rgb(25, 25, 25); font-family: Poppins, sans-serif; font-size: 14px;\"><li>Protein bermanfaat dalam pertumbuhan masa otot. Protein bersumber dari whey powder dan rice gluten. Protein di dalam whey juga merupakan pemicu glutathione untuk kucing. Glutathione berfungsi sebagai antioksidan yang diproduksi oleh tubuh kucing dalam menekan perkembangan sel kanker.</li><li>Laktosa berfungsi sebagai pemberi aroma pada suplemen, berasal dari whey powder. Sehingga kucing akan lebih menyukai suplemen ini.</li><li>Karbohidrat di dapatkan dari dekstrosa yang berfungsi untuk meningkatkan massa otot pada kucing</li><li>Antioksidan bermanfaat untuk mencegah adanya radikal bebas yang dapat mengganggu kesehatan kucing. Antioksidan didapatkan dari vegetable product, dan vitamin C</li><li>Vitamin B1 dalam suplemen berfungsi untuk menjaga sistem saraf. Vitamin B2 berfungsi untuk menjaga kesehatan kulit dan bulu, vitamin B6 membantu metabolisme tubuh, vitamin B12 membantu pembentukan protein serta sel darah merah pada kucing, dan vitamin A membantu menjaga kesehatan mata.</li><li>Suplemen ini bermanfaat sebagai antiparasit, antibakteri, dan anti virus pada kucing, karena mengandung enzim allisin yang dapat mengubah allin menjadi allicin sehingga membuat efek toksik (racun) bagi parasit di dalam aliran darah serta bau yang ditimbulkan dari allin dan allicin akan mampu mengusir parasit dari tubuh kucing. Penambahan allin dan allicin juga memberi efek dalam membersihkan pembuluh darah dan mengurangi resiko terjadinya kolesterol.</li><li>Penambahan ragi digunakan untuk menjaga sistem pencernaan dari patogen (agen infeksi) yang berbahaya.</li><li>Semua bahan berasal dari alam tanpa ada bahan kimia sintetik sehingga lebih aman dan lebih sehat untuk kucing.</li><li></li></ul></div>', 'tn_cat-vitamin-kis-kis-pastils-biotin-60gr_1_10-01-2022.jpg', 'Tampilkan', '10-01-2022 17:27:48');
INSERT INTO `tb_product` VALUES (33, 18, 4, 'EDEL CAT 100 GR ALU CUP PATE WITH SALMON AND TROUT', 10.00, '<div class=\"col-md-12\" style=\"min-height: 1px; padding-right: 15px; padding-left: 15px; float: left; width: 540px; color: rgb(25, 25, 25); font-family: Poppins, sans-serif; font-size: 14px;\"><h2 style=\"line-height: 1.1; margin-top: 20px; margin-bottom: 10px; font-size: 30px;\"><strong style=\"font-weight: bold;\">Kelebihan :</strong></h2><ul style=\"margin-bottom: 10px;\"><li>Healthy Weight Maintenance</li><li>Delicious Taste</li><li>Support Healthy Growth</li><li>Rich Omega-3 and Omega-6</li><li>Healthy Skin and Coat</li><li>Eye and Cardio Health</li><li>Beauty Formula</li><li>Healthy Bone and Joint</li><li>Healthy Brain and Nervous</li><li>Increase Immune System</li><li>Digestive Healthy</li><li>No Soya, Gluten Free, Grain Free</li><li>No Preservatives, Colourants, and Flavours</li></ul><h2 style=\"line-height: 1.1; margin-top: 20px; margin-bottom: 10px; font-size: 30px;\"><strong style=\"font-weight: bold;\">Ingredients :</strong></h2><p style=\"line-height: 22px; margin-right: 0px; margin-bottom: 10px; margin-left: 0px;\">Meat and animal derivatieves, Fish and Fish Derivatives (5% Salmon, 5% Trout), vitamins and minerals, Inulin (0,1 %)</p><h2 style=\"line-height: 1.1; margin-top: 20px; margin-bottom: 10px; font-size: 30px;\"><strong style=\"font-weight: bold;\">Analisa Nutrisi&nbsp;</strong></h2><p style=\"line-height: 22px; margin-right: 0px; margin-bottom: 10px; margin-left: 0px;\">Crude Protein&nbsp; 8,5 %</p><p style=\"line-height: 22px; margin-right: 0px; margin-bottom: 10px; margin-left: 0px;\">Crude Fat 5,0 %</p><p style=\"line-height: 22px; margin-right: 0px; margin-bottom: 10px; margin-left: 0px;\">Crude Ash 2,0 %</p><p style=\"line-height: 22px; margin-right: 0px; margin-bottom: 10px; margin-left: 0px;\">Crude Fibre 0,5 %</p><p style=\"line-height: 22px; margin-right: 0px; margin-bottom: 10px; margin-left: 0px;\">Moisture 82,0 %</p><p style=\"line-height: 22px; margin-right: 0px; margin-bottom: 10px; margin-left: 0px;\">Vitamin D3 250 IU</p><p style=\"line-height: 22px; margin-right: 0px; margin-bottom: 10px; margin-left: 0px;\">Vitamin E 15 mg</p><p style=\"line-height: 22px; margin-right: 0px; margin-bottom: 10px; margin-left: 0px;\">Zinc Sulphate Monohydrate 18 mg</p><p style=\"line-height: 22px; margin-right: 0px; margin-bottom: 10px; margin-left: 0px;\">Manganese Sulphate Monohydrate 1 mg</p><p style=\"line-height: 22px; margin-right: 0px; margin-bottom: 10px; margin-left: 0px;\">Copper Sulfate Pentahydrate 1 mg</p><p style=\"line-height: 22px; margin-right: 0px; margin-bottom: 10px; margin-left: 0px;\">Taurine 445 mg</p><p style=\"line-height: 22px; margin-right: 0px; margin-bottom: 10px; margin-left: 0px;\">Biotin 20 g</p><p style=\"line-height: 22px; margin-right: 0px; margin-bottom: 10px; margin-left: 0px;\">Bahan utama yang digunakan untuk menyusun pakan menggunakan bahan kualitas terbaik. Dibawah ini akan di ulas beberapa bahan yang di gunakan dalam makanan kucing ini :</p><h3 style=\"line-height: 1.1; margin-top: 20px; margin-bottom: 10px; font-size: 24px;\"><strong style=\"font-weight: bold;\">Meat and Animal Derivatives</strong></h3><p style=\"line-height: 22px; margin-right: 0px; margin-bottom: 10px; margin-left: 0px;\">Bahan dasar hewan seperti (domba, sapi, ayam, dsb). Bahan ini sumber yang baik untuk protein, asam lemak essensial, zat besi, dan beberapa grup vitamin B. Semua bahan-bahan tersebut bisa berasal dari hasil limbah pengolahan daging, dagingnya, atau by-product lainnya. Secara hukum bahan-bahan ini haruslah di bawah pengawasan dan tanggung jawab dokter hewan, bahan-bahan ini juga harus dapat di konsumsi manusia, atau merupakan bahan berlebih dari industri makanan manusia.</p><h3 style=\"line-height: 1.1; margin-top: 20px; margin-bottom: 10px; font-size: 24px;\"><strong style=\"font-weight: bold;\">Fish And Fish Derivatives</strong></h3><p style=\"line-height: 22px; margin-right: 0px; margin-bottom: 10px; margin-left: 0px;\">Daging salmon merupakan sumber protein hewani yang kaya akan lemak. Daging salmon kaya akan omega-3 dan omega-6. Kedua asam lemak ini sangat berguna dalam memetabolisme lemak (kolestrol), meningkatkan imunitas, meningkatkan kesehatan otak, kulit, dan rambut. Omega-3 dan omega-6 dalam daging salmon berfungsi juga untuk menigkatkan fungsi kognitif kucing. Daging salmon juga kaya mengandung vitamin B12 dan B6 yang dapat mencegah kucing dari resiko anemia, dan menjaga kesehatan kulit dan saraf. Daging ikan salmon juga tinggi sodium, potassium, dan chloride yang ketiganya berfungsi sebagai peningkatan fungsi kesehatan sel, mengatur asam dan basa di dalam tubuh, menyeimbangkan cairan dalam tubuh. Daging salmon juga kaya akan mineral fosfor dan selenium yang baik untuk kesehatan tulang, gigi, kekebalan tubuh, regenerasi sel, dan kesehatan reproduksi. Ikan trout juga kaya akan kandungan omega-3 dan omega-6 yang baik untuk kesehatan otak, saraf, otot, tulang, kulit, dan&nbsp; bulu. Selain itu omega-3 dan omega-6 juga penting untuk menurunkan kadar kolestrol, kesehatan kardiovaskular, mencegah peradangan (inflamasi) yang terjadi dalam tubuh. Ikan trout kaya akan kandungan vitamin B6, niacin, dan B12&nbsp; yang baik untuk membantu proses metabolisme dan produksi energy. Ikan trout juga kaya akan mineral potassium, fosfor, dan Selenium.</p><h3 style=\"line-height: 1.1; margin-top: 20px; margin-bottom: 10px; font-size: 24px;\"><strong style=\"font-weight: bold;\">Vitamin dan Minerals</strong></h3><p style=\"line-height: 22px; margin-right: 0px; margin-bottom: 10px; margin-left: 0px;\">Vitamin D3 digunakan untuk memetabolisme mineral, menjaga struktur tulang, dan keseimbangan fosfor. Vitamin E merupakan antioksidan kuat. Vitamin E berperan dalam menyeimbangkan kolestrol, melawan radikal bebas dan mencegah serangan penyakit,memperbaiki kulit rusak, dan kesehatan reproduksi dan hormone.Biotin (vitamin H) merupakan vitamin yang baik berperan untuk membantu metabolisme karbohidrat dan lemak. Biotin juga berperan aktif dalam meningkatkan kesehatan kulit dan rambut sehingga rambut dan kulit tampak lebih cerah dan lebat. Mangan berperan dalam menjaga fungsi dan kerja enzim dalam tubuh, membantu proses metabolisme lemak dan karbohidrat dalam tubuh, dan meningkatkan kesehatan tulang. Zinc berperan dalam memetabolisme karbohidrat menjadi energi, meningkatkan kekebalan tubuh, menjaga kesehatan kulit dan jaringan, membantu proses pertumbuhan, dan menjaga kesehatan reproduksi. Copper berperan dalam membantu produksi kolagen, struktur tulang, jaringan ikat, membantu penyerapan zat besi, membantu proses pematangan sel darah merah, berfungsi sebagai antioksidan dan pembentukan pigmen rambut.</p><h3 style=\"line-height: 1.1; margin-top: 20px; margin-bottom: 10px; font-size: 24px;\"><strong style=\"font-weight: bold;\">Inulin</strong></h3><p style=\"line-height: 22px; margin-right: 0px; margin-bottom: 10px; margin-left: 0px;\">Inulin merupakan salah satu jenis fruktan/karbohidrat yang berperan sebagai prebiotic. Inulin juga merupakan serat yang penting untuk kesehatan saluran pencernaan. Inulin juga merupakan nutrisi untuk bakteri-bakteri bai dalam saluran pencernaan, sehingga jumlah bakteri baik akan bertambah dan menjaga keseimbangan mikroflora baik dalam usus besar. Prebiotik ini juga membantu menstimulus kekebalan tubuh. Inulin juga akan meningkatkan penyerapan mineral kalsium dalam usus dan membantu mengatur metabolisme lemak dan karbohidrat.</p><h3 style=\"line-height: 1.1; margin-top: 20px; margin-bottom: 10px; font-size: 24px;\"><strong style=\"font-weight: bold;\">Taurine</strong></h3><p style=\"line-height: 22px; margin-right: 0px; margin-bottom: 10px; margin-left: 0px;\">Taurine merupakan beta asam amino yang tersusun dari methionine dan cysteine. Asam amino in sangat memegang peranan penting dalam tubuh yaitu menjaga kesehatan dan integritas sel fotoreseptor dalam retina mata, mendukung kesehatan fungsi dan kerja sistem saraf pusat (CNS), menjaga kesehatan fungsi jantung, mengatur dan menjaga perkembangan sel-sel kekebalan tubuh yaitu limfosit dan netrofil, mencegah agregasi platelet darah, dan membantu konjugasi asam empedu.</p><h3 style=\"line-height: 1.1; margin-top: 20px; margin-bottom: 10px; font-size: 24px;\"><strong style=\"font-weight: bold;\">Dari uraian di atas cat food ini memiliki beberapa kelebihan yaitu :</strong></h3><ul style=\"margin-bottom: 10px;\"><li>Pakan ini berbahan utama protein hewani. Sumber protein hewani yang digunakan adalah ikan salmon dan trout. Ikan salmon Daging salmon memiliki kandungan protein yang cukup tinggi. Daging salmon mengandung kaya omega-3 dan omega-6 yang baik untuk kesehatan otak,saraf,kulit, rambut, dan kekebalan tubuh. Daging salmon juga kaya akan B6 dan selenium yang sangat baik dalam membantu metabolisme sehingga menghasilkan energi, dan peningkat hormon pertumbuhan. Pada daging salmon juga mengandung tinggi sodium, potasium, dan klorida yang berfungsi mengatur fungsi sel, mengatur asam dan basa tubuh, serta menyeimbangkan cairan dalam tubuh. Vitamin B12 dalam salmon juga baik untuk mencegah anemia pada kucing. Ikan trout juga memiliki tinggi kandungan omega-3 dan omega-6. Ikan trout juga kaya akan vitamin B12, Niacin, dan B6 yang baik untuk meningkatkan metabolisme dalam tubuh sehingga akan mendukung pertumbuhan dan perkembangan. Ikan trout juga kaya akan mineral fosfor, potassium, dan selenium yang penting untuk pertumbuhan dan perkembangan hewan.</li><li>Hipoallergenik karena bebas bijian, bebas kedelai, dan bebas gluten.</li><li>Makanan ini juga kaya akan serat sehingga baik untuk kesehatan pencernaan dan membantu proses metabolisme didalam tubuh.</li><li>Kaya akan kandungan omega-3 dan omega-6 yang terkandung alami dalam bahan-bahan penyusun pakan yang sangat baik untuk kesehatan otak, kulit, rambut, otot, tulang, sendi, dan saraf. Omega-3 juga berperan dalam peningkatan kekebalan tubuh hewan.</li><li>Prebiotic dalam pakan ini akan membantu menjaga kesehatan saluran pencernaan, mengurangi kadar kolestrol, meningkatkan kekebalan tubuh meningkatkan proses penyerapan dan metabolisme mineral, dan menambah jumlah bakteri baik dalam saluran pencernaan.</li><li>Makanan ini memiliki tambahan taurine yang sangat baik untuk kesehatan mata dan jantung hewan</li><li>Diperkaya dengan biotin untuk menjaga berat badan ideal dan kesehatan kulit dan bulu.</li><li>Makanan ini juga sudah memiliki tambahan mineral dan vitamin yang baik untuk mendukung kekebalan tubuh kucing, proses pertumbuhan, menjaga metabolisme dalam tubuh, serta sebagai regenerasi sel-sel yang rusak dalam tubuh.</li><li>Pakan ini juga tidak mengandung perasa, pewarna, dan pengawet sintetik sehingga aman dan sehat untuk kucing. Pakan kucing ini juga tidak menggunakan kedelai&nbsp;</li><li></li></ul></div>', 'tn_cat-food-edel-alu-cup-pate-with-salmon-and-trout-100-gr_1_10-01-2022.jpg', 'Tampilkan', '10-01-2022 17:31:54');
INSERT INTO `tb_product` VALUES (34, 18, 4, 'EDEL CAT 400 GR CHUNCK IN SAUCE SALMON AND TROUT', 20.00, '<h2 style=\"font-family: Poppins, sans-serif; line-height: 1.1; color: rgb(25, 25, 25); margin-top: 20px; margin-bottom: 10px; font-size: 30px;\"><strong style=\"font-weight: bold;\">Kelebihan :</strong></h2><p style=\"font-size: 14px; line-height: 22px; margin-right: 0px; margin-bottom: 10px; margin-left: 0px; color: rgb(25, 25, 25); font-family: Poppins, sans-serif;\">Healthy Weight Maintenance<br>Delicious Taste<br>Support Healthy Growth<br>Rich Omega-3 and Omega-6<br>Healthy Skin and Coat<br>Eye and Cardio Health<br>Beauty Formula<br>Healthy Bone and Joint<br>Healthy Brain and Nervous<br>Increase Immune System<br>Digestive Healthy<br>No Soya<br>No Preservatives, Colourants, and Flavours</p><h2 style=\"font-family: Poppins, sans-serif; line-height: 1.1; color: rgb(25, 25, 25); margin-top: 20px; margin-bottom: 10px; font-size: 30px;\"><strong style=\"font-weight: bold;\">Ingredients :</strong></h2><p style=\"font-size: 14px; line-height: 22px; margin-right: 0px; margin-bottom: 10px; margin-left: 0px; color: rgb(25, 25, 25); font-family: Poppins, sans-serif;\">Meat and animal derivatieves (5% Salmon, 5% Trout), vitamins and minerals, Inulin (0,1 %)</p><h2 style=\"font-family: Poppins, sans-serif; line-height: 1.1; color: rgb(25, 25, 25); margin-top: 20px; margin-bottom: 10px; font-size: 30px;\"><strong style=\"font-weight: bold;\">Analisa Nutrisi</strong></h2><p style=\"font-size: 14px; line-height: 22px; margin-right: 0px; margin-bottom: 10px; margin-left: 0px; color: rgb(25, 25, 25); font-family: Poppins, sans-serif;\">Crude Protein&nbsp; 8,0 %</p><p style=\"font-size: 14px; line-height: 22px; margin-right: 0px; margin-bottom: 10px; margin-left: 0px; color: rgb(25, 25, 25); font-family: Poppins, sans-serif;\">Crude Fat 4,0 %</p><p style=\"font-size: 14px; line-height: 22px; margin-right: 0px; margin-bottom: 10px; margin-left: 0px; color: rgb(25, 25, 25); font-family: Poppins, sans-serif;\">Crude Ash 2,5 %</p><p style=\"font-size: 14px; line-height: 22px; margin-right: 0px; margin-bottom: 10px; margin-left: 0px; color: rgb(25, 25, 25); font-family: Poppins, sans-serif;\">Crude Fibre 0,5 %</p><p style=\"font-size: 14px; line-height: 22px; margin-right: 0px; margin-bottom: 10px; margin-left: 0px; color: rgb(25, 25, 25); font-family: Poppins, sans-serif;\">Moisture 83,5 %</p><p style=\"font-size: 14px; line-height: 22px; margin-right: 0px; margin-bottom: 10px; margin-left: 0px; color: rgb(25, 25, 25); font-family: Poppins, sans-serif;\">Vitamin D3 250 IU</p><p style=\"font-size: 14px; line-height: 22px; margin-right: 0px; margin-bottom: 10px; margin-left: 0px; color: rgb(25, 25, 25); font-family: Poppins, sans-serif;\">Vitamin E 15 mg</p><p style=\"font-size: 14px; line-height: 22px; margin-right: 0px; margin-bottom: 10px; margin-left: 0px; color: rgb(25, 25, 25); font-family: Poppins, sans-serif;\">Zinc Sulphate Monohydrate 18 mg</p><p style=\"font-size: 14px; line-height: 22px; margin-right: 0px; margin-bottom: 10px; margin-left: 0px; color: rgb(25, 25, 25); font-family: Poppins, sans-serif;\">Manganese Sulphate Monohydrate 1 mg</p><p style=\"font-size: 14px; line-height: 22px; margin-right: 0px; margin-bottom: 10px; margin-left: 0px; color: rgb(25, 25, 25); font-family: Poppins, sans-serif;\">Copper Sulfate Pentahydrate 1 mg</p><p style=\"font-size: 14px; line-height: 22px; margin-right: 0px; margin-bottom: 10px; margin-left: 0px; color: rgb(25, 25, 25); font-family: Poppins, sans-serif;\">Taurine 445 mg</p><p style=\"font-size: 14px; line-height: 22px; margin-right: 0px; margin-bottom: 10px; margin-left: 0px; color: rgb(25, 25, 25); font-family: Poppins, sans-serif;\">Biotin 20 g</p><p style=\"font-size: 14px; line-height: 22px; margin-right: 0px; margin-bottom: 10px; margin-left: 0px; color: rgb(25, 25, 25); font-family: Poppins, sans-serif;\">Bahan utama yang digunakan untuk menyusun pakan menggunakan bahan kualitas terbaik. Dibawah ini akan di ulas beberapa bahan yang di gunakan dalam makanan kucing ini :</p><h3 style=\"font-family: Poppins, sans-serif; line-height: 1.1; color: rgb(25, 25, 25); margin-top: 20px; margin-bottom: 10px; font-size: 24px;\"><strong style=\"font-weight: bold;\">Meat and Animal Derivatives (5% Salmon, 5% Trout)</strong></h3><p style=\"font-size: 14px; line-height: 22px; margin-right: 0px; margin-bottom: 10px; margin-left: 0px; color: rgb(25, 25, 25); font-family: Poppins, sans-serif;\">Bahan dasar hewan seperti (domba, sapi, ayam, dsb). Bahan ini sumber yang baik untuk protein, asam lemak essensial, zat besi, dan beberapa grup vitamin B. Semua bahan-bahan tersebut bisa berasal dari hasil limbah pengolahan daging, dagingnya, atau by-product lainnya. Secara hukum bahan-bahan ini haruslah di bawah pengawasan dan tanggung jawab dokter hewan, bahan-bahan ini juga harus dapat di konsumsi manusia, atau merupakan bahan berlebih dari industri makanan manusia. Daging salmon merupakan sumber protein hewani yang kaya akan lemak. Daging salmon kaya akan omega-3 dan omega-6. Kedua asam lemak ini sangat berguna dalam memetabolisme lemak (kolestrol), meningkatkan imunitas, meningkatkan kesehatan otak, kulit, dan rambut. Omega-3 dan omega-6 dalam daging salmon berfungsi juga untuk menigkatkan fungsi kognitif kucing. Daging salmon juga kaya mengandung vitamin B12 dan B6 yang dapat mencegah kucing dari resiko anemia, dan menjaga kesehatan kulit dan saraf. Daging ikan salmon juga tinggi sodium, potassium, dan chloride yang ketiganya berfungsi sebagai peningkatan fungsi kesehatan sel, mengatur asam dan basa di dalam tubuh, menyeimbangkan cairan dalam tubuh. Daging salmon juga kaya akan mineral fosfor dan selenium yang baik untuk kesehatan tulang, gigi, kekebalan tubuh, regenerasi sel, dan kesehatan reproduksi. Ikan trout juga kaya akan kandungan omega-3 dan omega-6 yang baik untuk kesehatan otak, saraf, otot, tulang, kulit, dan&nbsp; bulu. Selain itu omega-3 dan omega-6 juga penting untuk menurunkan kadar kolestrol, kesehatan kardiovaskular, mencegah peradangan (inflamasi) yang terjadi dalam tubuh. Ikan trout kaya akan kandungan vitamin B6, niacin, dan B12 &nbsp;yang baik untuk membantu proses metabolisme dan produksi energy. Ikan trout juga kaya akan mineral potassium, fosfor, dan Selenium.</p><h3 style=\"font-family: Poppins, sans-serif; line-height: 1.1; color: rgb(25, 25, 25); margin-top: 20px; margin-bottom: 10px; font-size: 24px;\"><strong style=\"font-weight: bold;\">Cereal</strong></h3><p style=\"font-size: 14px; line-height: 22px; margin-right: 0px; margin-bottom: 10px; margin-left: 0px; color: rgb(25, 25, 25); font-family: Poppins, sans-serif;\">Sereal adalah bahan yang kaya akan karbohidrat, protein, dan lemak. sereal mengandung vitamin B, zat besi, manganese, selenium, magnesium dan omega-3. Serat pada sereal sangat baik untuk kesehatan pencernaan. Kandungan serat, vitamin B, dan mangan dalam sereal baik untuk kesehatan jantung dan menjaga metabolisme tubuh. Dalam sereal juga mengandung lechitin yang baik untuk membantu pencernaan, metabolisme, dan kekebalan tubuh, karena peran lechitin sebagai prebiotic. Dalam pakan ini menggunakan sereal yaitu berupa beras. Beras merupakan sereal yang bebas gluten sehingga memperkecil resiko timbulnya diare dan alergi.</p><h3 style=\"font-family: Poppins, sans-serif; line-height: 1.1; color: rgb(25, 25, 25); margin-top: 20px; margin-bottom: 10px; font-size: 24px;\"><strong style=\"font-weight: bold;\">Vitamin dan Minerals</strong></h3><p style=\"font-size: 14px; line-height: 22px; margin-right: 0px; margin-bottom: 10px; margin-left: 0px; color: rgb(25, 25, 25); font-family: Poppins, sans-serif;\">Vitamin D3 digunakan untuk memetabolisme mineral, menjaga struktur tulang, dan keseimbangan fosfor. Vitamin E merupakan antioksidan kuat. Vitamin E berperan dalam menyeimbangkan kolestrol, melawan radikal bebas dan mencegah serangan penyakit,memperbaiki kulit rusak, dan kesehatan reproduksi dan hormone.Biotin (vitamin H) merupakan vitamin yang baik berperan untuk membantu metabolisme karbohidrat dan lemak. Biotin juga berperan aktif dalam meningkatkan kesehatan kulit dan rambut sehingga rambut dan kulit tampak lebih cerah dan lebat. Mangan berperan dalam menjaga fungsi dan kerja enzim dalam tubuh, membantu proses metabolisme lemak dan karbohidrat dalam tubuh, dan meningkatkan kesehatan tulang. Zinc berperan dalam memetabolisme karbohidrat menjadi energi, meningkatkan kekebalan tubuh, menjaga kesehatan kulit dan jaringan, membantu proses pertumbuhan, dan menjaga kesehatan reproduksi. Copper berperan dalam membantu produksi kolagen, struktur tulang, jaringan ikat, membantu penyerapan zat besi, membantu proses pematangan sel darah merah, berfungsi sebagai antioksidan dan pembentukan pigmen rambut.</p><h3 style=\"font-family: Poppins, sans-serif; line-height: 1.1; color: rgb(25, 25, 25); margin-top: 20px; margin-bottom: 10px; font-size: 24px;\"><strong style=\"font-weight: bold;\">Inulin</strong></h3><p style=\"font-size: 14px; line-height: 22px; margin-right: 0px; margin-bottom: 10px; margin-left: 0px; color: rgb(25, 25, 25); font-family: Poppins, sans-serif;\">Inulin merupakan salah satu jenis fruktan/karbohidrat yang berperan sebagai prebiotic. Inulin juga merupakan serat yang penting untuk kesehatan saluran pencernaan. Inulin juga merupakan nutrisi untuk bakteri-bakteri bai dalam saluran pencernaan, sehingga jumlah bakteri baik akan bertambah dan menjaga keseimbangan mikroflora baik dalam usus besar. Prebiotik ini juga membantu menstimulus kekebalan tubuh. Inulin juga akan meningkatkan penyerapan mineral kalsium dalam usus dan membantu mengatur metabolisme lemak dan karbohidrat.</p><h3 style=\"font-family: Poppins, sans-serif; line-height: 1.1; color: rgb(25, 25, 25); margin-top: 20px; margin-bottom: 10px; font-size: 24px;\"><strong style=\"font-weight: bold;\">Taurine</strong></h3><p style=\"font-size: 14px; line-height: 22px; margin-right: 0px; margin-bottom: 10px; margin-left: 0px; color: rgb(25, 25, 25); font-family: Poppins, sans-serif;\">Taurine merupakan beta asam amino yang tersusun dari methionine dan cysteine. Asam amino in sangat memegang peranan penting dalam tubuh yaitu menjaga kesehatan dan integritas sel fotoreseptor dalam retina mata, mendukung kesehatan fungsi dan kerja sistem saraf pusat (CNS), menjaga kesehatan fungsi jantung, mengatur dan menjaga perkembangan sel-sel kekebalan tubuh yaitu limfosit dan netrofil, mencegah agregasi platelet darah, dan membantu konjugasi asam empedu.</p><h3 style=\"font-family: Poppins, sans-serif; line-height: 1.1; color: rgb(25, 25, 25); margin-top: 20px; margin-bottom: 10px; font-size: 24px;\"><strong style=\"font-weight: bold;\">Dari uraian di atas cat food ini memiliki beberapa kelebihan yaitu :</strong></h3><ul style=\"margin-bottom: 10px; color: rgb(25, 25, 25); font-family: Poppins, sans-serif; font-size: 14px;\"><li>Pakan ini berbahan utama protein hewani. Sumber protein hewani yang digunakan adalah ikan salmon dan trout. Ikan salmon Daging salmon memiliki kandungan protein yang cukup tinggi. Daging salmon mengandung kaya omega-3 dan omega-6 yang baik untuk kesehatan otak,saraf,kulit, rambut, dan kekebalan tubuh. Daging salmon juga kaya akan B6 dan selenium yang sangat baik dalam membantu metabolisme sehingga menghasilkan energi, dan peningkat hormon pertumbuhan. Pada daging salmon juga mengandung tinggi sodium, potasium, dan klorida yang berfungsi mengatur fungsi sel, mengatur asam dan basa tubuh, serta menyeimbangkan cairan dalam tubuh. Vitamin B12 dalam salmon juga baik untuk mencegah anemia pada kucing. Ikan trout juga memiliki tinggi kandungan omega-3 dan omega-6. Ikan trout juga kaya akan vitamin B12, Niacin, dan B6 yang baik untuk meningkatkan metabolisme dalam tubuh sehingga akan mendukung pertumbuhan dan perkembangan. Ikan trout juga kaya akan mineral fosfor, potassium, dan selenium yang penting untuk pertumbuhan dan perkembangan hewan.</li><li>Makanan ini juga kaya akan serat sehingga baik untuk kesehatan pencernaan dan membantu proses metabolisme didalam tubuh.</li><li>Kaya akan kandungan omega-3 dan omega-6 yang terkandung alami dalam bahan-bahan penyusun pakan yang sangat baik untuk kesehatan otak, kulit, rambut, otot, tulang, sendi, dan saraf. Omega-3 juga berperan dalam peningkatan kekebalan tubuh hewan.</li><li>Prebiotic dalam pakan ini akan membantu menjaga kesehatan saluran pencernaan, mengurangi kadar kolestrol, meningkatkan kekebalan tubuh meningkatkan proses penyerapan dan metabolisme mineral, dan menambah jumlah bakteri baik dalam saluran pencernaan.</li><li>Makanan ini memiliki tambahan taurine yang sangat baik untuk kesehatan mata dan jantung hewan</li><li>Diperkaya dengan biotin untuk menjaga berat badan ideal dan kesehatan kulit dan bulu.</li><li>Makanan ini juga sudah memiliki tambahan mineral dan vitamin yang baik untuk mendukung kekebalan tubuh kucing, proses pertumbuhan, menjaga metabolisme dalam tubuh, serta sebagai regenerasi sel-sel yang rusak dalam tubuh.</li><li>Pakan ini juga tidak mengandung perasa, pewarna, dan pengawet sintetik sehingga aman dan sehat untuk kucing. Pakan kucing ini juga tidak menggunakan kedelai dimana kedelai banyak mengandung zat anti-nutrisi dan dapat mengganggu pertumbuhan.</li><li></li></ul>', 'tn_cat-food-edel-canned-chunks-in-sauce-with-salmon-and-trout_1_10-01-2022.jpg', 'Tampilkan', '10-01-2022 17:34:07');

-- ----------------------------
-- Table structure for tb_user
-- ----------------------------
DROP TABLE IF EXISTS `tb_user`;
CREATE TABLE `tb_user`  (
  `user_id` int(11) NOT NULL AUTO_INCREMENT,
  `user_name` varchar(255) CHARACTER SET utf8 COLLATE utf8_bin NULL DEFAULT NULL,
  `username` varchar(255) CHARACTER SET utf8 COLLATE utf8_bin NULL DEFAULT NULL,
  `password` varchar(255) CHARACTER SET utf8 COLLATE utf8_bin NULL DEFAULT NULL,
  `user_telp` varchar(255) CHARACTER SET utf8 COLLATE utf8_bin NULL DEFAULT NULL,
  `user_email` varchar(255) CHARACTER SET utf8 COLLATE utf8_bin NULL DEFAULT NULL,
  `user_adress` varchar(255) CHARACTER SET utf8 COLLATE utf8_bin NULL DEFAULT NULL,
  `user_info` varchar(255) CHARACTER SET utf8 COLLATE utf8_bin NULL DEFAULT NULL,
  `user_profile_img` varchar(255) CHARACTER SET utf8 COLLATE utf8_bin NULL DEFAULT NULL,
  PRIMARY KEY (`user_id`) USING BTREE
) ENGINE = InnoDB AUTO_INCREMENT = 14 CHARACTER SET = utf8 COLLATE = utf8_bin ROW_FORMAT = DYNAMIC;

-- ----------------------------
-- Records of tb_user
-- ----------------------------
INSERT INTO `tb_user` VALUES (13, 'Pelanggan 1', 'pelanggan', 'b98e201ef77f64a5a43b960c3f2a703828310e7a', '08484184848', 'pelanggan@gmail.com', 'Jl, Cuma contoh', NULL, NULL);

SET FOREIGN_KEY_CHECKS = 1;
